-- phpMyAdmin SQL Dump
-- version 5.2.0
-- https://www.phpmyadmin.net/
--
-- Host: 127.0.0.1
-- Generation Time: Dec 10, 2022 at 10:15 AM
-- Server version: 10.4.25-MariaDB
-- PHP Version: 8.1.10

SET SQL_MODE = "NO_AUTO_VALUE_ON_ZERO";
START TRANSACTION;
SET time_zone = "+00:00";


/*!40101 SET @OLD_CHARACTER_SET_CLIENT=@@CHARACTER_SET_CLIENT */;
/*!40101 SET @OLD_CHARACTER_SET_RESULTS=@@CHARACTER_SET_RESULTS */;
/*!40101 SET @OLD_COLLATION_CONNECTION=@@COLLATION_CONNECTION */;
/*!40101 SET NAMES utf8mb4 */;

--
-- Database: `newspaper`
--

-- --------------------------------------------------------

--
-- Table structure for table `descriptionnews`
--

CREATE TABLE `descriptionnews` (
  `id` int(11) NOT NULL,
  `descriptionId` int(11) DEFAULT NULL,
  `description` longtext DEFAULT NULL,
  `imageUrl` varchar(255) DEFAULT NULL,
  `createdAt` datetime NOT NULL,
  `updatedAt` datetime NOT NULL
) ENGINE=InnoDB DEFAULT CHARSET=utf8mb4;

--
-- Dumping data for table `descriptionnews`
--

INSERT INTO `descriptionnews` (`id`, `descriptionId`, `description`, `imageUrl`, `createdAt`, `updatedAt`) VALUES
(1, 1, 'Tuyển Argentina đã có 2 lần vô địch World Cup vào các năm 1978 và 1986. Trong khi Hà Lan có 3 lần vào chung kết World Cup các năm 1974, 1978 và 2010 nhưng đều thua trận. Ở vòng bảng World Cup 2022, đoàn quân của HLV Louis van Gaal bị chê thi đấu tẻ nhạt, không được như kỳ vọng. Nhưng thực tế, họ đang chơi rất hiệu quả. Lịch sử cũng chỉ ra, cơn lốc màu da cam luôn tiến rất sâu ở sân chơi này. Họ đã vào tứ kết ở 3 kỳ World Cup liên tiếp góp mặt vào các năm 2010, 2014 và 2022. Với Messi cùng đồng đội, anh có lần đầu tiên góp mặt tại tứ kết World Cup kể từ năm 2014 - giải đấu mà Argentina đã vào chung kết và thua Đức. Cách đây 4 năm, Albiceleste thua Pháp ở vòng 1/8. Trong 24 năm qua, đội bóng Nam Mỹ có 3 lần dừng bước ở tứ kết vào các năm 1998, 2006 và 2010. Tuyển Hà Lan chưa thua Argentina trong 9 lần gặp nhau gần đây nhất (nếu tính trong 90 phút). Tại chung kết World Cup 1978, Hà Lan thua Argentina 1 - 3 sau 2 hiệp phụ. Ở bán kết World Cup 2014, Argentina thắng Hà Lan cũng dưới sự dẫn dắt của Louis van Gaal sau loạt đá luân lưu 11m. Trước đó, tại tứ kết World Cup 1998, Hà Lan đánh bại Argentina 2 - 1.', 'https://cdnmedia.baotintuc.vn/Upload/EqV5H9rWgvy9oNikwkHLXA/files/09122022argentina.jpg', '2022-12-09 10:04:09', '2022-12-09 10:04:09'),
(2, 1, 'Dưới sự dẫn dắt của Louis van Gaal, Hà Lan đang có chuỗi 11 trận bất bại ở đấu trường World Cup (không tính loạt luân lưu), kể từ trận thua Tây Ban Nha ở chung kết năm 2010. Tính rộng ra, Hà Lan đang có chuỗi 19 trận bất bại liên tiếp. Lần gần nhất họ thua trận là thất bại tại vòng 1/8 EURO 2020 trước CH Séc. Những thống kê đang chống lại tuyển Argentina, tuy nhiên Lionel Scaloni có quyền tự tin về các học trò, đặc biệt là Messi. Siêu sao này đã ghi 789 bàn thắng trong 1.000 trận đấu. Với khả năng kiểm soát bóng tốt của mình, Argentina vẫn đang duy trì thành tích phòng ngự không tồi của mình, khi là một trong những đội phải chịu số pha dứt điểm trung bình mỗi trận thấp nhất. Hà Lan phiên bản World Cup 2022 chẳng khác mấy so với Hà Lan phiên bản World Cup 2014 về mặt chiến thuật. Argentina bây giờ cũng vẫn chắc chắn như 8 năm trước. Lần gặp lại này hứa hẹn sẽ rất thú vị khi cả hai cùng đề cao tính chắc chắn và thực dụng. Hai cuộc đối đầu gần nhất giữa Hà Lan và Argentina tại World Cup đều kết thúc với tỷ số hòa 0 - 0. Trong thế trận đó, người Argentina lại kỳ vọng Messi sẽ tỏa sáng đưa đội nhà vào bán kết. Trận tứ kết World Cup 2022 giữa Hà Lan và Argentina sẽ diễn ra lúc 2 giờ ngày 10/12.', 'https://cdnmedia.baotintuc.vn/Upload/EqV5H9rWgvy9oNikwkHLXA/files/09122022argentina1.jpg', '2022-12-09 10:04:09', '2022-12-09 10:04:09'),
(3, 2, 'Tám năm sau kể từ bán kết World Cup 2014, Hà Lan và Argentina tái ngộ ở sân chơi cao nhất của bóng đá thế giới. Trận đấu đó, hai đội phải phân định thắng thua ở loạt sút luân lưu cân não, và Messi cùng đồng đội là những người giành chiến thắng cuối cùng. Với những gì đã thể hiện từ đầu giải, trận đấu giữa Hà Lan và Argentina được xem là một trong những trận đấu cân bằng và hấp dẫn nhất vòng tứ kết mùa này. Cơn lốc màu cam ở giải đấu này thể hiện lối đá thực dụng, sẵn sàng chơi với đội hình thấp và phản công với tốc độ cao. Lối chơi này khiến Hà Lan trở thành đội bóng có lỗi chơi rất khó chịu. Đáng chú ý, Hà Lan là một trong số ít đội bóng còn duy trì được phong độ bất bại tại World Cup lần này. Cơn lốc màu cam cũng tiếp tục cho thấy thành tích ấn tượng trước các đội bóng ngoài châu Âu trong khuôn khổ World Cup. Họ bất bại trong 20 trận gần nhất tại World Cup trước các đối thủ không thuộc châu Âu (thắng 14, hòa 6), với thất bại gần đây nhất là trận tứ kết năm 1994 trước Brazil. \"Messi là cầu thủ sáng tạo nguy hiểm nhất của Argentina. Cậu ấy rất giỏi tạo cơ hội cho đồng đội và có thể tự mình ghi bàn. Nhưng khi Argentina mất bóng, Mesi không tham gia nhiều vào khâu phòng ngự. Thế nên, chúng tôi có cơ hội\" - HLV Van Gaal Chạm trán Argentina, một đội bóng luôn lấy tấn công làm tôn chỉ, Hà Lan chẳng có lý do gì để phải đẩy cao đội hình và mạo hiểm tấn công trước Argentina. Cơn lốc màu cam sẽ được đặt trong một thế trận sở trường.', 'https://cdnmedia.baotintuc.vn/Upload/EqV5H9rWgvy9oNikwkHLXA/files/09122022-worldcup2022-toanbolichthidau-tuket-argentina-halan-5.jpg', '2022-12-09 10:07:07', '2022-12-09 10:07:07'),
(4, 2, 'HLV Louis van Gaal đang gây dựng một tập thể Hà Lan mạnh mẽ cho tham vọng vô địch World Cup 2022. Đây cũng là giải đấu cuối của HLV này dẫn dắt đội tuyển quốc gia Hà Lan và vị chiến lược gia lão luyện này muốn có một cái kết đẹp với các học trò của mình. -Hà Lan đang có chuỗi 19 trận bất bại dưới triều đại Louis Van Gaal. -Hà Lan bất bại trong 11 trận gần nhất tại World Cup. Trong khi đó, Argentina còn có một Lionel Messi đầy nhiệt huyết và quyết tâm. Toàn đội đều muốn giúp siêu sao từng giành 7 Quả bóng Vàng đang khoác áo PSG hoàn thành giấc mơ vô địch World Cup. Tâm điểm của trận đấu là cuộc đối đầu giữa Messi và Virgil van Dijk. Messi vẫn đang thể hiện vai trò đầu tầu của mình trong lối chơi của Argentina. Tiền đạo này đã ghi được 3 bàn thắng sau 4 trận ra sân ở World Cup 2022 và cả 3 bàn thắng này đều là bàn mở tỷ số cho đội bóng xứ Tango. Trong 3 bàn thắng \"El Pulga\" đã ghi thì có 2 bàn rất quan trọng. Đó là bàn thắng giúp Argentina khai thông bế tắc trong trận đấu với Mexico trước khi giành chiến thắng 2 - 0 chung cuộc và một bàn thắng khai thông bế tắc khác trong trận đấu với Australia ở vòng 1/8. “Có nhiều tiền đạo khó chơi ngoài kia nhưng có lẽ, Messi là đối thủ khó nhằn nhất” - Van Dijk khẳng định. Trong khi đó, Van Dijk đang chơi tốt tại World Cup lần này. Với sự chỉ huy của trung vệ đang khoác áo Liverpool, hàng thủ Hà Lan mới để thủng lưới 2 bàn từ đầu giải. Trong 8 đội tiến vào tứ kết, thành tích này ngang bằng với Brazil, Croatia và chỉ thua Morocco, đội mới thủng lưới 1 bàn. Hai ngôi sao này đã từng đối đầu với nhau ở cấp CLB và màn so tài đáng chú ý nhất là vào năm 2019 khi Liverpool gặp Barcelona ở bán kết Champions League. Messi ghi cú đúp ở lượt đi giúp Barcelona dẫn trước 3 - 0 nhưng Van Dijk và Liverpool đã thắng ngược 4 - 0 ở lượt về, tạo ra một trong những cuộc lội ngược dòng kinh điển nhất lịch sử giải đấu.', 'https://cdnmedia.baotintuc.vn/Upload/EqV5H9rWgvy9oNikwkHLXA/files/09122022HaLan2.jpg', '2022-12-09 10:07:07', '2022-12-09 10:07:07'),
(5, 3, 'Ngày 9/12, TAND tỉnh Bà Rịa - Vũng Tàu đã mở phiên tòa sơ thẩm xét xử bị cáo Tống Thị Tùng Linh (21 tuổi, ngụ phường Phước Nguyên, TP Bà Rịa) về các tội Giết người, Mua bán trái phép chất độc, Hủy hoại tài sản; bị cáo Trần Thị Ngọc Thư (31 tuổi, ngụ quận 11, TP Hồ Chí Minh), người bán xyanua cho Linh, về tội Mua bán trái phép chất độc. Vụ nữ sinh đầu độc cha ruột: Truy tố thêm đối tượng bán xyanua Đề nghị truy tố 3 tội danh nữ sinh dùng xyanua sát hại cha ruột Tại phiên tòa, bị cáo Linh tỏ ra bình tĩnh khai báo rành mạch về quá trình gây án và cho biết bản thân là sinh viên năm 3 ngành Luật tại một trường đại học tại TP Hồ Chí Minh. Lúc vụ án xảy ra là thời điểm Linh được nghỉ học do dịch COVID-19, về nhà sống cùng cha. Theo lời khai của Linh, từ tháng 9/2021 Linh đã từng nảy sinh ý định giết cha ruột là ông Tống Hồng Điệp (54 tuổi, cùng trú TP Bà Rịa). Linh đã giã thuốc ngủ pha vào nước để ông Điệp uống nhưng bất thành. Sau đó, Linh lên mạng tìm hiểu chất độc xyanua để đầu độc cha.', 'https://img.cand.com.vn/resize/800x800/NewFiles/Images/2022/12/09/DSC09777-1670569893011.jpg', '2022-12-09 10:11:26', '2022-12-09 10:11:26'),
(6, 3, 'Ngày 18/1/2022, Linh đến chợ Kim Biên (quận 5, TP Hồ Chí Minh) tìm mua chất độc xyanua. Linh đến sạp “Xuyến” của Trần Thị Ngọc Thư hỏi mua thì Thư báo không có bán. Linh năn nỉ Thư biết chỗ nào có bán thì mua giúp vì Linh là sinh viên, cần mua xyanua để làm thí nghiệm. Thư hỏi mua từ một người khác với giá 220.000 đồng/kg rồi bán lại cho Linh với giá 500 ngàn đồng/kg. Linh bỏ xyanua vào balo rồi đi xe về nhà ở TP Bà Rịa. Tối hôm đó, thấy ông Điệp đang nhậu một mình nên Linh lấy xyanua cho vào 3 chai nhựa chứa nước uống rồi để vào ngăn mát tủ lạnh, mục đích để cho ông Điệp uống. Khoảng 5 phút sau, ông Điệp lấy một chai uống, nói chai nước có mùi lạ rồi nhả nước ra đi vào nhà vệ sinh, chốt cửa lại rồi nôn ói... sau đó tử vong trong nhà vệ sinh. Hôm sau, Linh phá khóa cửa phòng vệ sinh đưa thi thể ông Điệp ra ngoài rồi dùng nhiều biện pháp để phi tang như đi mua gạch, xi măng để xây chôn thi thể ông Điệp. Thấy khó che giấu hành vi của mình nên tiếp tục nghĩ ra cách đốt cháy nhà nhằm che giấu hành vi phạm tội. Nhà cháy, Linh chạy qua nhà ông nội ở bên cạnh thông báo cho mọi người biết có kẻ lạ đột nhập vào nhà đánh Linh, hăm dọa giết cha và đốt nhà. Sau khi sự việc xảy ra, Cơ quan Cảnh sát điều tra đã mời Linh lên làm việc điều tra nguyên nhân vụ việc. Tại đây, Linh đã khai nhận hành vi giết người và đốt nhà để phi tang.', 'https://img.cand.com.vn/resize/800x800/NewFiles/Images/2022/12/09/317729166_690034302799588_277303-1670569901723.jpg', '2022-12-09 10:11:26', '2022-12-09 10:11:26'),
(7, 3, 'Trả lời các câu hỏi của HĐXX, Linh khai nguyên nhân dẫn đến việc giết cha là do cha tạo áp lực học hành quá lớn, Linh cảm thấy không chọn đúng ngành học nhưng theo ý của cha vẫn phải theo và thường xuyên bị la mắng. Tuy nhiên, khi nghe vị hội thẩm hỏi: “Việc cha bị cáo la rầy, mắng mỏ có gì quá đáng so với trách nhiệm giáo dục của cha mẹ không?” thì Linh lại trả lời: “Dạ không”. Linh còn khai hành vi đốt nhà, che giấu hành vi giết cha vì thời điểm đó rất hoảng loạn. Khi được hỏi về việc nhìn nhận bản thân ra sao khi giết cha, bị cáo Linh nói thấy mình rất dã man. Trong khi đó, bị cáo Trần Thị Ngọc Thư khai cửa hàng bán chất xyanua không phải do mình làm chủ, chỉ mới vào làm việc được một tháng. Do Linh năn nỉ quá nên mới bán, bản thân không hiểu biết về loại chất cấm này. Nắm quyền công tố tại phiên tòa, đại diện Viện KSND tỉnh Bà Rịa-Vũng Tàu đề nghị mức án tử hình đối với bị cáo Tống Thị Tùng Linh. Còn bị cáo Trần Thị Ngọc Thư bị đề nghị mức án 3-4 năm tù. HĐXX sẽ tuyên án vào chiều 15/12.', NULL, '2022-12-09 10:11:26', '2022-12-09 10:11:26'),
(8, 4, '(VTC News) - Trả lời tại họp báo sáng 9/12 nhân chuyến đến Việt Nam dự triển lãm quốc phòng quốc tế 2022, quan chức Mỹ thông tin về các hoạt động hợp tác liên quan giữa hai nước. Chuẩn tướng Sarah H. Russ, Trợ lý huy động lực lượng của Cục trưởng về Chiến lược, Kế hoạch, Chương trình và các Yêu cầu, thuộc Không quân Thái Bình Dương, Mỹ, cho biết, phía Mỹ rất hoan nghênh những hoạt động hợp tác sắp tới với Việt Nam, trong cả huấn luyện, đào tạo phi công lẫn chuyển giao trang, thiết bị quốc phòng. Từ năm 2024 tới 2027, Mỹ sẽ chuyển giao 12 máy bay T-6 cho Việt Nam. Dự kiến 3 chiếc T-6 sẽ được chuyển giao trong tháng 3/2024, cuối năm này tiếp tục chuyển giao 2-3 chiếc nữa. Thời gian chuyển giao 6-7 máy bay còn lại sẽ là trước hoặc trong năm 2027.', 'https://image.vtc.vn/resize/th/upload/2022/12/09/img8631-12230381.JPG', '2022-12-09 10:13:21', '2022-12-09 10:13:21'),
(9, 4, 'Phía Mỹ nói sẽ phối hợp để thực hiện các chương trình bảo dưỡng (thiết bị), cũng như huấn luyện, hỗ trợ phi công. Các chương trình bao gồm đào tạo về tiếng Anh, hậu cần, an toàn bay... Đại tá TJ. Bouchillon, tùy viên quốc phòng Mỹ tại Việt Nam, thông tin, Mỹ đang chuyển giao máy bay không người lái Scaneagle cho Việt Nam, kèm việc đào tạo cán bộ. Theo Thiếu tướng Jered P. Helwig, Tư lệnh Bộ Tư lệnh duy trì lực lượng Quân khu 8, Lục quân Thái Bình Dương, Mỹ, trong năm 2023, Mỹ muốn sắp xếp thêm các chuyến tàu thăm khu vực vào thời gian phù hợp, bên cạnh hoạt động hợp tác khác. Ông Helwig cho hay, phái đoàn Mỹ đã có cuộc gặp với Bộ quốc phòng Việt Nam, cũng như doanh nghiệp tham gia vào triển lãm để lắng nghe ý kiến. Các bên đều rất lạc quan về khả năng làm việc cùng nhau trong tương lai. Mỹ cũng thảo luận với Việt Nam để các quy trình, thủ tục mua sắm thiết bị (trong trường hợp Việt Nam quan tâm) từ các công ty Mỹ thuận tiện hơn. Phái đoàn Mỹ bày tỏ ấn tượng về các hoạt động của Việt Nam, trong đó có hoạt động của lực lượng gìn giữ hòa bình, sẵn sàng triển khai thêm hoạt động hợp tác khác.', 'https://image.vtc.vn/resize/th/upload/2022/12/09/may-bay-t-6-13325513.jpg', '2022-12-09 10:13:21', '2022-12-09 10:13:21'),
(10, 4, 'Chuẩn tướng Russ nói thêm, Mỹ xem khu vực Ấn Độ Dương - Thái Bình Dương có ý nghĩa chiến lược và trong năm tới, lực lượng không quân dự kiến cũng có thêm các cuộc diễn tập bao gồm song phương và đa phương với các đối tác ASEAN, với nội dung đa dạng, từ tăng cường khả năng phòng vệ đến hỗ trợ nhân đạo. \"Mục tiêu chung của chúng tôi là tăng cường an ninh và đảm bảo một Ấn Độ Dương - Thái Bình Dương tự do và rộng mở, an toàn và thịnh vượng cho tất cả chúng ta\", bà Russ nói.', NULL, '2022-12-09 10:13:21', '2022-12-09 10:13:21'),
(11, 5, '(PLO)- Indonesia thông qua quy định quan hệ tình dục với người không phải vợ/chồng sẽ ngồi tù 1 năm, bạn đọc thắc mắc pháp luật nước ta quy định về hành vi này ra sao... Ngày 7-12, PLO có đăng tải bài viết “Quan hệ tình dục với người không phải vợ/chồng, ngồi tù 1 năm” thông tin về việc Quốc hội Indonesia vừa thông qua luật hình sự quy định mức phạt đối với một số hành hành vi như ngoại tình, sống thử khi chưa kết hôn,…Trong đó, đáng chú ý nhất là mức phạt tù tối đa một năm đối với người có quan hệ tình dục ngoài hôn nhân. Trước những thông tin trên, một số bạn đọc cho rằng nước ta cũng nên có quy định tương tự để hạn chế việc ngoại tình. - “Việt Nam cũng nên áp dụng luật này, xung quanh thấy ai cũng có sừng. Rõ chán!” – bạn đọc Viv754114 - “Nếu ở nước ta có luật như vầy thì lại phải xây thêm rất nhiều nhà tù. Chỉ khổ cho dân đóng thuế!” – bạn đọc Lê An Nguyễn - “Việt Nam cũng nên áp dụng thì tốt\"- bạn đọc Vuamattroi46 Một số bạn đọc cũng nêu thắc mắc: Hiện nay pháp luật Việt Nam quy định về hành vi quan hệ tình dục với người không phải vợ/chồng như thế nào? Nếu hành vi ngoại tình là vi phạm pháp luật thì ở mức độ nào sẽ bị xử phạt vi phạm hành chính, mức độ nào phải chịu trách nhiệm hình sự?... Luật sư Hoàng Anh Sơn, Đoàn Luật sư TP.HCM, đã có những phân tích về quy định pháp luật xoay quanh những thắc mắc trên.', 'https://photo-cms-plo.epicdn.me/w850/Uploaded/2022/bpivpuiv/2022_12_09/luat-su-anh-son-612.jpg', '2022-12-09 10:15:42', '2022-12-09 10:15:42'),
(12, 5, 'Theo Luật sư Sơn, từ trước đến nay pháp luật Việt Nam luôn khuyến khích, bảo vệ chế độ hôn nhân hợp pháp một vợ một chồng và nghiêm trị những hành vi vi phạm chế độ hôn nhân một vợ một chồng. Tại khoản 1 Điều 36 Hiến pháp có quy định: “Nam, nữ có quyền kết hôn, ly hôn. Hôn nhân theo nguyên tắc tự nguyện, tiến bộ, một vợ một chồng, vợ chồng bình đẳng, tôn trọng lẫn nhau”. Tiếp đó, luật chuyên ngành cũng có quy định cụ thể ở tại khoản 1 điều 19 Luật hôn nhân và gia đình năm 2014 rằng “Vợ chồng có nghĩa vụ thương yêu, chung thủy, tôn trọng, quan tâm, chăm sóc, giúp đỡ nhau…” Như vậy, nếu vợ chồng có hành vi quan hệ tình dục ngoài vợ ngoài chồng sẽ vi phạm pháp luật nêu trên có thể sẽ bị xử phạt hành chính hoặc ở mức độ nghiêm trọng hơn thì có thể bị truy cứu trách nhiệm hình sự. Đối với vi phạm hành chính trong vấn đề này thì được quy định tại điểm b khoản 1 Điều 59 Nghị định 82/2020 quy định về hành vi vi phạm quy định về kết hôn, ly hôn và vi phạm chế độ hôn nhân một vợ, một chồng. Theo đó, người đang có vợ hoặc đang có chồng mà chung sống như vợ chồng với người khác thì phạt tiền từ ba triệu đến năm triệu đồng. Tuỳ thuộc vào tính chất và mức độ vi phạm thì hành vi trên còn có thể bị truy cứu trách nhiệm hình sự theo điều 182, Bộ Luật hình sự 2015, sửa đổi bổ sung năm 2017 về tội vi phạm chế độ một vợ, một chồng. Cụ thể, người nào đang có vợ, có chồng mà kết hôn hoặc chung sống như vợ chồng với người khác; người chưa có vợ, chưa có chồng mà kết hôn hoặc chung sống như vợ chồng với người mà mình biết rõ là đang có chồng, có vợ thuộc một trong các trường hợp sau đây, thì bị phạt cảnh cáo, phạt cải tạo không giam giữ đến một năm hoặc phạt tù từ ba tháng đến một năm: - Làm cho quan hệ hôn nhân của một hoặc hai bên dẫn đến ly hôn; - Đã bị xử phạt vi phạm hành chính về hành vi này mà còn vi phạm. Ngoài ra, nếu người vi phạm làm cho vợ, chồng hoặc con của một trong hai bên tự sát; Đã có quyết định của Tòa án hủy việc kết hôn hoặc buộc phải chấm dứt việc chung sống như vợ chồng trái với chế độ một vợ, một chồng mà vẫn duy trì quan hệ đó thì bị phạt tù từ sáu tháng đến ba năm. Luật sư Sơn nhận định: “Như vậy, đối với hành vi quan hệ tình dục với người không phải vợ/chồng bị phạt tù không chỉ được quy định ở Indonesia mà pháp luật nước ta cũng có quy định rõ ràng về mức phạt đối với hành vi phạm chế độ hôn nhân một vợ một chồng, trong đó có cả phạt tù nếu vi phạm ở mức nghiêm trọng như đã nêu trên”.', NULL, '2022-12-09 10:15:42', '2022-12-09 10:15:42'),
(13, 6, 'TPO - Anh Nguyễn Bá Cát, Phó trưởng Ban Thanh niên trường học T.Ư Đoàn và anh Nguyễn Tiến Hưng, Phó Bí thư Thành Đoàn, Chủ tịch Hội Sinh viên TP. Hà Nội, được kiện toàn giữ chức danh Phó Chủ tịch Hội SVVN khóa X, nhiệm kỳ 2018 – 2023. Chiều 9/12 tại Hà Nội, T.Ư Hội SVVN tổ chức hội nghị kiện toàn nhân sự Ban Thư ký, Ban Chấp hành T.Ư Hội SVVN khóa X. Hội nghị diễn ra dưới sự chủ trì của anh Nguyễn Minh Triết, Bí thư T.Ư Đoàn, Chủ tịch T.Ư Hội SVVN; chị Hồ Hồng Nguyên, quyền Trưởng ban Thanh niên Trường học T.Ư Đoàn, Phó Chủ tịch thường trực T.Ư Hội SVVN. Hiện nay, nhân sự Phó Chủ tịch T.Ư Hội SVVN khóa X gồm 5 anh, chị thuộc các cơ cấu. Tuy nhiên, có 2 phó chủ tịch đã thay đổi vị trí công tác hoặc không tham gia công tác Hội ở đơn vị.', 'https://photo-cms-tpo.epicdn.me/w645/Uploaded/2022/tccbzqvp/2022_12_09/tien-phong-hoi-sinh-vien-3-3441.jpg', '2022-12-09 10:27:56', '2022-12-09 10:27:56'),
(14, 6, 'Hội nghị đã tiến hành kiện toàn anh Nguyễn Bá Cát, Phó trưởng Ban Thanh niên Trường học T.Ư Đoàn, và anh Nguyễn Tiến Hưng, Phó Bí thư Thành Đoàn, Chủ tịch Hội Sinh viên TP. Hà Nội, giữ chức danh Phó Chủ tịch T.Ư Hội SVVN khóa X, nhiệm kỳ 2018 – 2023. Tại hội nghị, anh Nguyễn Bá Cát cũng được kiện toàn giữ chức danh Trưởng ban Kiểm tra T.Ư Hội SVVN.', 'https://photo-cms-tpo.epicdn.me/w645/Uploaded/2022/tccbzqvp/2022_12_09/tien-phong-hoi-sinh-vien-1-1922.jpg', '2022-12-09 10:27:56', '2022-12-09 10:27:56'),
(15, 7, 'Tổng công ty Đường sắt Việt Nam (VNR) cho biết, đường sắt tổ chức chạy thêm hàng chục đoàn tàu dịp nghỉ Tết Dương lịch 2023. Cụ thể, hàng ngày chạy các đôi tàu trên tuyến Hà Nội – TP. HCM như: Tàu Thống nhất SE1/2, SE3/4, SE5/6, SE7/8 (Sài Gòn - Hà Nội), SE21/22 (Sài Gòn - Đà Nẵng), SNT1/2 (Sài Gòn - Nha Trang), SPT1/2 (Sài Gòn - Phan Thiết). Ngoài ra, ngày 30/12, chạy thêm tàu SNT4 (Sài Gòn đi Nha Trang), SQN2 (Sài Gòn đi Quy Nhơn). Ngày 2/1/2023 chạy thêm tàu SNT5 (Nha Trang đi Sài Gòn), SQN1 (Quy Nhơn đi Sài Gòn).', 'https://bcp.cdnchinhphu.vn/thumb_w/640/334894974524682240/2022/12/9/xe-lua-tai-giao-lo-pham-van-dong-q-2123-437-1670573483561241302748.jpg', '2022-12-09 10:29:28', '2022-12-09 10:29:28'),
(16, 7, 'Tại khu vực phía Bắc, ngoài các đôi tàu chạy thường xuyên tuyến Hà Nội - Vinh, Hà Nội - Lào Cai, Hà Nội - Hải Phòng, đường sắt chạy thêm tàu NA3 (Hà Nội đi Vinh) ngày 30/12/2022 và tàu NA4 (Vinh đi Hà Nội) ngày 2/1/2023; Tàu SE35 (Hà Nội đi Vinh) ngày 30, 31/12/2022 và tàu SE36 (Vinh đi Hà Nội) ngày 1, 2/1/2023. Tuyến Hà Nội - Hải Phòng, chạy thêm tàu LP9 (Hà Nội đi Hải Phòng) ngày 31/12/2022 và tàu LP10 (Hải Phòng đi Hà Nội) ngày 2/1/2023. Tuyến Hà Nội - Lào Cai, chạy thêm tàu SP1 (Hà Nội đi Lào Cai) ngày 30/12/2022 và tàu SP2 (Lào Cai đi Hà Nội) ngày 1/1/2023. Tổng Công ty Đường sắt Việt Nam cũng cho biết, đơn vị sẽ lập thêm các đoàn tàu khác khi nhu cầu của hành khách tăng cao ngoài các đoàn tàu trên. Để đảm bảo quyền lợi của hành khách trong việc mua vé đi tàu, ngành Đường sắt khuyến cáo khách hàng không mua vé qua các đối tượng trung gian \"cò mồi, chợ đen\", mạo danh nhân viên đường sắt mà chỉ mua vé qua website của ngành Đường sắt; mua trực tiếp tại các cửa bán vé của các ga hoặc tại các đại lý bán vé của Đường sắt Việt Nam, mua qua các ứng dụng điện tử.', NULL, '2022-12-09 10:29:28', '2022-12-09 10:29:28'),
(17, 8, 'Ngày 9/12, Trung tâm Dự báo nhu cầu nhân lực và Thông tin thị trường lao động Thành phố Hồ Chí Minh (Falmi) dự kiến nhu cầu nhân lực của Thành phố cần khoảng 23.000 - 25.000 người trong tháng cuối năm 2022.', 'https://cdnmedia.baotintuc.vn/Upload/ekaE01yuAw3S4G2j0Rtmuw/files/2022/09/TIMVIEC/timviec270922-4.jpg', '2022-12-09 10:31:14', '2022-12-09 10:31:14'),
(18, 8, 'Trong đó, lĩnh vực thương mại, dịch vụ nhu cầu tuyển dụng khoảng 17.000 người; công nghiệp, xây dựng tuyển dụng gần 8.000 người và tuyển dụng ít nhất là lĩnh vực nông, lâm nghiệp, thủy sản. Ngoài ra, các ngành dịch vụ chủ yếu cũng cần tuyển dụng khoảng 12.800 - 13.900 người trong dịp này. Theo Trung tâm Dự báo nhu cầu nhân lực và Thông tin thị trường lao động thành phố, nhu cầu lao động đã qua đào tạo cần trên 21.000 người; trong đó lao động có trình độ đại học trở lên cần khoảng 4.200 người, cao đẳng cần khoảng 5.700 người, trung cấp cần 7.000 người và sơ cấp cần 3.800 người. Cùng với việc tuyển dụng lao động làm việc toàn thời gian, nhiều doanh nghiệp cũng có nhu cầu tuyển nhiều lao động chưa qua đào tạo làm việc bán thời gian phục vụ nhu cầu sản xuất - kinh doanh dịp lễ, Tết. Theo ông Nguyễn Văn Sang, Phó Giám đốc Trung tâm Dịch vụ việc làm thanh niên Thành phố Hồ Chí Minh (Yes Center), hiện đơn vị có nhu cầu tuyển dụng hơn 3.000 vị trí việc làm thời vụ, lao động phố thông như: nhân viên bán hàng, giao hàng, dịch vụ thương mại, nhà hàng khách sạn, du lịch và công nhân tại các công trình đang gấp rút hoàn thiện vào cuối năm nay. Ông Sang cũng lưu ý người lao động trong quá trình tìm việc cần tìm hiểu rõ thông tin của các doanh nghiệp đang tuyển dụng lao động nhất là nơi làm việc, thông tin về công việc tuyển dụng… Nếu được, người lao động đến tận nơi doanh nghiệp tuyển dụng cùng với hồ sơ dự tuyển đầy đủ để tham khảo, tìm hiểu tránh tình trạng “cò lao động” thường rao tuyển công việc đơn giãn, mức lương hấp dẫn. “Đặc biệt trong dịp cuối năm, người lao động tìm việc cũng nên cẩn trọng bởi “cò lao động” thường lợi dụng tên tuổi doanh nghiệp lớn để tuyển dụng. Việc tuyển dụng lao động ở những nơi này thường dễ dàng như: không có hồ sơ, không cần hợp đồng tuyển dụng lao động; bàn giao công việc hay trách nhiệm công việc không rõ ràng, cụ thể…\", ông Sang khuyến nghị. Hiện, Trung tâm Dịch vụ việc làm thanh niên thành phố đang triển khai chương trình \"Tháng Tiếp sức và Đồng hành cùng người lao động\" năm 2023. Theo đó, chương trình sẽ hỗ trợ việc làm cho sinh viên, nhất là người lao động bị ngưng việc hoặc bị thôi việc do doanh nghiệp thu hẹp sản xuất, kinh doanh góp phần giúp người lao động an tâm về việc làm, ổn định cuộc sống nhất là vào dịp cuối năm 2022.', NULL, '2022-12-09 10:31:14', '2022-12-09 10:31:14'),
(19, 9, '(NLĐO) - Bộ Công an vừa phối hợp với công an nhiều tỉnh thành triệt phá đường dây cá độ bóng đá mùa World Cup với số tiền cá cược lên đến 1.000 tỉ đồng. Ngày 9-12, Cục Cảnh sát hình sự (C02, Bộ Công an) vừa phối hợp với Cục nghiệp vụ Bộ Công an, Công an TP HCM, Công an tỉnh Khánh Hòa, Công an tỉnh Sóc Trăng… triệt phá đường dây cá độ bóng đá mùa World Cup 2022 với tổng số tiền cá cược lên đến 1.000 tỉ đồng.', 'https://nld.mediacdn.vn/thumb_w/684/291774122806476800/2022/12/9/z39462583229756a6da58f1cec03230d558342db5e7766-1670574115363392394523.jpg', '2022-12-09 10:33:24', '2022-12-09 10:33:24'),
(20, 9, 'Trước đó, qua nắm tình hình, C02 phát hiện một đường dây tổ chức đánh bạc dưới hình thức cá độ bóng đá. Đường dây này do Trần Nguyễn Minh Thiện (hay gọi là \"Bảy\", SN 1994, ngụ tại TP HCM) cầm đầu. Đường dây của Thiện quy tụ nhiều đối tượng giỏi về công nghệ thông tin, hoạt động khắp các tỉnh miền Tây. Để đánh lạc hướng công an, Thiện và đồng bọn thường xuyên thay đổi chỗ và di chuyển liên tục qua các tỉnh thành như TP HCM, Vĩnh Long, Bạc Liêu, Nha Trang…', 'https://nld.mediacdn.vn/thumb_w/684/291774122806476800/2022/12/9/z3946258314421bd897c845edbd680df7715a9719e3b6c-1670574117005393095693.jpg', '2022-12-09 10:33:24', '2022-12-09 10:33:24'),
(21, 9, 'Ngày 6-12, khi các đối tượng đang ghi độ tại một khách sạn trên địa bàn TP Nha Trang, tỉnh Khánh Hoà thì bị trinh sát C02 ập vào bắt giữ. Cùng thời điểm, các mũi trinh sát khác khám xét khẩn cấp nhiều tụ điểm, bắt thêm 12 đối tượng để điều tra về hành vi tổ chức đánh bạc và đánh bạc.', 'https://nld.mediacdn.vn/thumb_w/684/291774122806476800/2022/12/9/z39462583113926b2a4a3ff5a1b05a4446377abb88ab1c-16705741160721468560001.jpg', '2022-12-09 10:33:24', '2022-12-09 10:33:24'),
(22, 9, 'Thời gian qua, Bộ Công an phối hợp với công an các tỉnh thành triệt phá nhiều đường dây cá độ bóng đá quy mô thời điểm World Cup 2022 vừa khai mạc. Bộ Công an cảnh báo người dân không nên tham gia các trò \"đỏ đen\" để tránh vi phạm pháp luật. ', NULL, '2022-12-09 10:33:24', '2022-12-09 10:33:24'),
(23, 10, 'NLĐO)- Cựu cán bộ Công an Đặng Ngọc Hải \"nổ\" có nhiều quan hệ, có khả năng xin học tại các trường trong ngành công an, xin chuyển đổi công tác để lừa nhiều bị hại với số tiền hơn 3 tỉ đồng Ngày 27-10, TAND TP Hà Nội đã tuyên án sơ thẩm 13 năm tù đối với Đặng Ngọc Hải (SN 1982, trú tại phường Mộ Lao, quận Hà Đông, Hà Nội) về tội \"Lừa đảo chiếm đoạt tài sản\".', 'https://nld.mediacdn.vn/thumb_w/684/291774122806476800/2022/10/27/1-16668487935451019072833.jpeg', '2022-12-09 10:36:09', '2022-12-09 10:36:09'),
(24, 10, 'Theo hồ sơ vụ án, từ năm 2015 - 2017, Đặng Ngọc Hải là cán bộ công tác tại Công an huyện Phúc Thọ (TP Hà Nội). Mặc dù Hải không có chức năng, không có khả năng xin học, xin cho người khác vào làm việc trong ngành công an hoặc xin chuyển đổi công tác song bị can đã \"nổ\" là có nhiều quan hệ, có khả năng xin học tại các trường trong ngành công an, xin chuyển đổi công tác. Tin tưởng, nhiều bị hại đã chuyển cho Hải hơn 3 tỉ đồng để nhờ giúp đỡ. Sau khi nhận tiền, bị can Hải không thực hiện công việc như đã hứa mà dùng tiền chi tiêu cá nhân hết. Đến khi các bị hại đòi tiền, cựu cán bộ công an mới trả lại được hơn 600 triệu đồng rồi bỏ trốn khỏi nơi cư trú. Trong số các bị hại có anh T.Q.P. (38 tuổi, đang công tác tại Chi cục quản lý thị trường Phú Thọ, tỉnh Phú Thọ). Cụ thể, khoảng tháng 7-2015, anh P. được Hải nói về việc tháng 10-2015 diễn ra Đại hội Đảng bộ TP Hà Nội, sẽ có thay đổi sắp xếp về nhân sự. Do đó, Hải có khả năng xin chuyển công tác cho anh P. từ Chi cục quản lý thị trường Phú Thọ về Chi cục quản lý thị trường Hà Nội, với chi phí 650 triệu đồng. Qua đó, anh T.Q.P. đã 2 lần chuyển cho bị can Đặng Ngọc Hải 650 triệu đồng như yêu cầu. Một thời gian sau, thấy Hải không xin chuyển việc được, nên anh này đòi tiền song chỉ nhận được 430 triệu đồng. Trường hợp anh N.T.P. đứng ra nhờ Hải xin cho con trai đang theo học hệ dân sự chuyển sang học hệ đào tạo chính quy tại Học viện Cảnh sát nhân dân (Hà Nội). Sau đó, Hải yêu cầu anh N.T.P. chuyển khoảng 700 triệu đồng để lo việc xin học. Sau khi cầm tiền, Hải viết giấy biên nhận. Tuy nhiên quá hạn, bị can không thực hiện cam kết, cũng không trả lại tiền cho anh P. mà chiếm đoạt toàn bộ số tiền, rồi bỏ trốn. Đến ngày 15-10-2021, cựu cán bộ công an bị bắt theo lệnh truy nã.', NULL, '2022-12-09 10:36:09', '2022-12-09 10:36:09'),
(25, 11, '(NLĐO) – Với việc xung đột Nga-Ukraine chưa có dấu hiệu kết thúc, tái thiết Ukraine thời hậu chiến dường như vẫn là một kịch bản xa vời. Nhưng trên thực tế, tiến trình thảo luận về điều được cho là dự án xây dựng quy mô lớn chưa từng thấy ở châu Âu kể từ sau Thế chiến II đã bắt đầu. Các cuộc thảo luận bí mật có sự tham gia của lãnh đạo các nước, các nhóm nhân đạo, trường đại học và ngân hàng trên khắp thế giới, với nội dung chủ yếu xoay quanh các vấn đề liên quan đến kinh tế. Tính minh bạch và độ tin cậy trong lĩnh vực công của Ukraine cũng là vấn đề được đặc biệt quan tâm trong phần lớn các cuộc tranh luận.', 'https://nld.mediacdn.vn/thumb_w/684/291774122806476800/2022/12/9/photo-1-1670550525208953920312.jpg', '2022-12-09 10:40:53', '2022-12-09 10:40:53'),
(26, 11, '\"Có quan điểm duy tâm rằng chính phủ Ukraine có thể chỉ đạo các nguồn lực và người dân sẽ lắng nghe. Là người sinh ra và lớn lên ở Ukraine, tôi thấy quan điểm này không chính xác. Chính phủ Ukraine không có bộ máy hành chính được đào tạo bài bản, chuyên nghiệp\" – chuyên gia Yuriy Gorodnichenko của Trường ĐH California (Mỹ) khẳng định với báo The New York Times.\n\nÔng Gorodnichenko là người đóng góp tích cực vào các báo cáo liên quan đến nỗ lực tái thiết Ukraine cho Trung tâm Nghiên cứu Chính sách Kinh tế ở London, một mạng lưới các nhà kinh tế độc lập.\n\nNhóm này khẳng định Ukraine cần tiến hành nhiều cải cách sâu rộng, bao gồm \"loại bỏ triệt để các quy định về hoạt động kinh tế\", phụ thuộc nhiều hơn vào thị trường để phân phối các nguồn lực và định hướng kinh tế, nới lỏng luật lao động và chuyển sự kiểm soát chính trị và kinh tế từ chính quyền trung ương sang các địa phương.', 'https://nld.mediacdn.vn/thumb_w/684/291774122806476800/2022/12/9/photo-1-16705505736881917386949.jpg', '2022-12-09 10:40:53', '2022-12-09 10:40:53'),
(27, 11, 'Tuy nhiên, những lời kêu gọi này đã làm dấy lên nhiều lo ngại. Theo chuyên gia kinh tế Joseph Stiglitz của Trường ĐH Columbia (Mỹ), hướng tiếp cận tân tự do như trên có thể dẫn đến sự bất bình đẳng, suy thoái môi trường và các vấn đề liên quan đến nhà ở, y tế… Ukraine đang trong trạng thái khủng hoảng, gặp nhiều thách thức trong nỗ lực đảm bảo lương thực, nhà ở và năng lượng sưởi ấm cho người dân xuyên suốt mùa đông, nhất là khi giao tranh với Nga vẫn đang diễn ra dữ dội. Sinh tồn là ưu tiên hàng đầu. Tái thiết thời hậu chiến dự kiến \"ngốn\" ít nhất 10 năm. Ông Stiglitz khẳng định những quyết định được đưa ở thời điểm hiện tại có thể định hình quá trình này.', NULL, '2022-12-09 10:40:53', '2022-12-09 10:40:53'),
(28, 12, '(NLĐO) - Cơ quan an ninh liên bang Nga (FSB) vừa yêu cầu bắt giữ vắng mặt phó thủ tướng và nhà ngoại giao cấp cao Ukraine. Hãng tin TASS ngày 6-12 đưa tin các nhà điều tra của FSB đã yêu cầu toà án Lefortovo ở thủ đô Moscow phát lệnh bắt giữ vắng mặt Phó Thủ tướng Iryna Vereshchuk và Thứ trưởng Ngoại giao thứ nhất Emine Dzhaparova của Ukraine. Hai người này bị Nga cáo buộc vi phạm toàn vẹn lãnh thổ của Liên bang Nga và bị đưa vào danh sách truy nã quốc tế.', 'https://nld.mediacdn.vn/thumb_w/684/291774122806476800/2022/12/6/068611c5-1e9a-4765-9d14-4cef7a4ddba2-16703371824191588764454.jpeg', '2022-12-09 10:42:27', '2022-12-09 10:42:27'),
(29, 12, 'FSB đề nghị bắt giữ, dẫn độ về lãnh thổ Liên bang Nga. Phía Nga cho rằng \"tội danh\" nêu trên chiếu theo luật pháp Nga là tối đa 10 năm tù giam. Phó Thủ tướng Vereshchuk đồng thời là Bộ trưởng Tái hòa nhập các vùng lãnh thổ bị chiếm đóng của Ukraine. Bà đã tới Kherson sau khi lực lượng Ukraine tái chiếm thành phố này hồi tháng 11 vừa qua. Trong khi đó, bà Dzhaparova đang thúc đẩy các vấn đề liên quan đến dân tộc thiểu số trên bán đảo Crimea - bị Nga sáp nhập vào năm 2014. Bà cũng kêu gọi cộng đồng quốc tế ủng hộ việc \"giải phóng Crimea và trả lại cho Ukraine\". Hồi tháng 9 năm nay, Nga tuyên bố họ đã sáp nhập 4 khu vực của Ukraine sau khi tổ chức trưng cầu dân ý ở Donetsk, Luhansk thuộc miền Đông và Zaporizhzhia, Kherson thuộc miền Nam Ukraine.', NULL, '2022-12-09 10:42:27', '2022-12-09 10:42:27'),
(30, 13, '(NLĐO) - Bộ Quốc phòng Nga ngày 5-12 cho biết các cuộc tấn công bằng tên lửa Nga nhắm vào tuyến vận tải đường sắt của quân đội Ukraine và phá hủy vũ khí, thiết bị và đạn dược do nước ngoài cung cấp. Thông báo của Bộ Quốc phòng Nga cho biết Nga đã sử dụng tên lửa hành trình chính xác cao đánh trúng 17 mục tiêu được chỉ định. Trong khi đó, Tổng thống Ukraine Volodymyr Zelensky hôm 5-12 cho biết ít nhất 4 người thiệt mạng trong đợt tập kích bắng tên lửa hành trình của Nga. Ông Zelensky nói thêm rằng phòng không Ukraine đánh chặn phần lớn trong hơn 70 tên lửa được phóng vào lãnh thổ nước này. Các quan chức Ukraine thông báo nguồn cung cấp điện bị gián đoạn, bị cắt nước sạch ở thủ đô và một số khu vực sau đợt tấn công bằng hơn 70 tên lửa hành trình của Nga. Đài RT dẫn lời Thủ tướng Ukraine Denis Shmigal cho biết \"các cơ sở năng lượng\" ở khu vực Kiev, Vinnitsa và Odessa bị hư hại sau đợt tấn công hôm 5-12, dẫn đến mất điện. Kiev là một trong những khu vực chịu tình trạng mất điện nhiều nhất. Oleksiy Kuleba, tỉnh trưởng tỉnh Kiev với hơn ba triệu dân, thông báo 40% hộ gia đình tại khu vực bị mất điện sau đòn tập kích.', 'https://nld.mediacdn.vn/thumb_w/684/291774122806476800/2022/12/6/photo-1-1670286474760752298115.jpg', '2022-12-09 10:44:28', '2022-12-09 10:44:28'),
(31, 13, 'Cũng có báo cáo về tình trạng mất điện hoàn toàn ở vùng Sumy, cũng như gián đoạn một phần ở Cherkasy, Kharkov, Krivoy Rog, Kirovograd, Nikolaev và Zhitomir. Ngành điện đã ngay lập tức bắt đầu công việc khôi phục nguồn cung cấp điện và sửa chữa điện lưới. Bên cạnh việc thủ đô Kiev cùng nhiều thành phố khắp Ukraine bị cắt điện và nước sạch, thiệt hại đối với lưới điện cũng khiến giao thông đường sắt trên khắp Ukraine bị đình trệ nghiêm trọng. Ngoài ra, Bộ Quốc phòng Nga đã cập nhật thiệt hại vụ UAV tấn công 2 sân bay quân sự trong lãnh thổ Nga. Theo đài RT, Bộ này cho biết việc Ukraine tấn công hai căn cứ không quân của Nga ở tỉnh Ryazan và Saratov (Nga) bằng máy bay không người lái (UAV) khiến 3 quân nhân thiệt mạng và 2 máy bay bị hư hại nhẹ.', 'https://nld.mediacdn.vn/thumb_w/684/291774122806476800/2022/12/6/photo-1-1670286479512793715229.jpg', '2022-12-09 10:44:28', '2022-12-09 10:44:28'),
(32, 13, 'Theo Bộ Quốc phòng Nga, một số UAV do Liên Xô sản xuất bay ở độ cao thấp nhắm mục tiêu vào các phương tiện hàng không chiến lược tầm xa tại sân bay Dyagilevo ở tỉnh Ryazan và sân bay Engels ở tỉnh Saratov. Lực lượng phòng không Nga phát hiện và bắn hạ các UAV này và các mảnh vỡ rơi xuống sân bay. Bộ Quốc phòng Nga cho biết hoạt động của lực lượng hàng không chiến lược Nga không bị gián đoạn, đồng thời nói rằng quân Nga đã tiến hành tấn công quy mô lớn nhằm vào các trung tâm năng lượng, công nghiệp quốc phòng, thông tin liên lạc và chỉ huy quân sự của Ukraine vào chiều ngày 5-12.', NULL, '2022-12-09 10:44:28', '2022-12-09 10:44:28'),
(33, 14, '(NLĐO) – Chính quyền bang Indiana - Mỹ kiện TikTok (Trung Quốc) hôm 7-12 với cáo buộc “không thành thật” về khả năng hỗ trợ truy cập dữ liệu người dùng Mỹ và cho trẻ em xem nội dung người lớn. Văn phòng Tổng chưởng lý bang Indiana Todd Rokita cho biết ứng dụng chia sẻ video ngắn thuộc sở hữu của ByteDance đã vi phạm luật bảo vệ người tiêu dùng của bang Indiana khi không tiết lộ khả năng chính phủ Trung Quốc có thể truy cập thông tin nhạy cảm của người dùng. Trong đơn khiếu nại, TikTok cũng bị cáo buộc lừa dối người dùng trẻ và cha mẹ của họ về xếp hạng độ tuổi tiếp cận từ 12 tuổi trở lên trong các kho ứng dụng của Apple và Google.', 'https://nld.mediacdn.vn/thumb_w/684/291774122806476800/2022/12/8/photo-1-16704740431321471000956.jpg', '2022-12-09 10:46:26', '2022-12-09 10:46:26'),
(34, 14, 'Đơn khiếu nại của Văn phòng Tổng chưởng lý Indiana cho rằng nội dung liên quan đến tình dục và chất kích thích không phù hợp có thể dễ dàng được tìm thấy và tiếp cận với trẻ em sử dụng TikTok. Động thái nói trên nhằm vào TikTok của bang Indiana là vụ kiện đầu tiên của một bang nước Mỹ đối với TikTok. Ông Rokita đang tìm kiếm lệnh trừng phạt khẩn cấp và các hình phạt dân sự đối với công ty này. Theo hãng tin Reuters, Indiana có hành động cứng rắn một ngày sau khi Thống đốc bang Maryland Larry Hogan ban hành chỉ thị khẩn cấp cấm sử dụng TikTok trên các thiết bị và mạng của chính quyền bang. Thống đốc bang Nam Dakota Kristi Noem tuần trước cũng ký lệnh hành pháp cấm nhân viên và nhà thầu của bang cài đặt hoặc sử dụng TikTok trên các thiết bị thuộc sở hữu của bang. Trong khi đó, Thống đốc bang Nam Carolina Henry McMaster hôm 5-12 yêu cầu một cơ quan của bang cấm cài đặt TikTok trên điện thoại và máy tính của chính quyền bang. TikTok cho biết những lo ngại dẫn đến lệnh cấm từ các bang nước Mỹ phần lớn là do thông tin sai lệch. Hồi tháng 11, Giám đốc Cục Điều tra liên bang Mỹ (FBI) Chris Wray cho biết các hoạt động của TikTok tại Mỹ làm dấy lên mối lo ngại về an ninh quốc gia, nêu bật nguy cơ có thể bị khai thác ứng dụng chia sẻ video để gây ảnh hưởng đến người dùng hoặc kiểm soát thiết bị của họ. Cựu Tổng thống Donald Trump hồi năm 2020 đã cố ngăn người dùng mới ở Mỹ cài đặt WeChat và TikTok nhưng đã thất bại trong một loạt cuộc chiến pháp lý.', NULL, '2022-12-09 10:46:26', '2022-12-09 10:46:26'),
(35, 15, '(NLĐO) - Báo cáo dịch tễ mới nhất về COVID-19 toàn cầu cho thấy lần đầu tiên sau nhiều tuần chiếm \"đầu bảng\", khu vực Tây Thái Bình Dương mà Tổ chức Y tế thế giới (WHO) xếp Việt Nam vào đang giảm rõ rệt về số ca mắc mới. Cụ thể, báo cáo dịch tễ mà Báo Người Lao Động vừa nhận được từ WHO sáng 8-12 thể hiện 1.335.908 ca COVID-19 mới ở Tây Thái Bình Dương tuần qua, chiếm 45% số ca được báo cáo trên toàn cầu. Tuy vẫn xếp đầu bảng về số ca mới nhưng con số này đã giảm tận 10% so với tuần lễ mới. Đây là lần đầu tiên số ca COVID-19 mới ở Tây Thái Bình Dương giảm rõ rệt sau đà tăng nối tiếp gần 2 tháng. Số ca tử vong cũng giảm 5%, còn 2006 ca. Số ca cao nhất khu vực này là Nhật Bản (749.895 ca), Hàn Quốc (370.574 ca), Trung QUốc (146.141 ca). Vào tuần trước nhà chức trách Nhật Bản cũng dự báo quốc gia này đang chuẩn bị \"qua đỉnh\" trong làn sóng thứ 8, sau nhiều tuần là nước có số ca COVID-19 nhiều nhất thế giới.', 'https://nld.mediacdn.vn/thumb_w/684/291774122806476800/2022/12/8/untitled-167047275987724938364.jpg', '2022-12-09 10:48:14', '2022-12-09 10:48:14'),
(36, 15, 'Việt Nam được biểu thị bằng màu cam trên bản đồ số ca mắc mới của WHO, cho thấy tỉ lệ số ca mắc hiện nằm trong khoảng 10 đến dưới 50 ca mắc/100.000 dân. Cũng theo báo cáo dịch tễ này, tuần qua toàn cầu ghi nhận gần 2,98 triệu ca COVID-19 mới trong tuần qua, giảm 3% so với tuần trước. Số tử vong toàn cầu giảm mạnh 17%, chỉ còn 7.833 ca. Châu Âu vẫn là khu vực xếp thứ 2 về số ca mắc mới với 955.767 ca, chênh lệch dưới 1% so với tuần trước, nhưng tử vong giảm mạnh 19% (2.348 ca). Ba khu vực dịch tễ khác là Đông Nam Á, Đông Địa Trung Hải và châu Phi cũng ghi nhận số ca giảm so với tuần qua và tổng số ca chỉ khoảng vài ngàn đến vài chục ngàn, một phần do chứa nhiều nước hạn chế về điều kiện xét nghiệm, giám sát. Sự chú ý của tuần này dồn về phía châu Mỹ, là khu vực dịch tễ duy nhất tăng về số ca với 640.477 ca mới, tăng 14%, tuy số ca tử vong tiếp tục giảm. Điểm nóng của khu vực này là Nam Mỹ, với nhiều quốc gia bị WHO \"tô đỏ\" trên bản đồ tỉ lệ số ca trên dân số. Tuy vậy nước nhiều ca nhất vẫn là Mỹ (296.333 ca mới).', NULL, '2022-12-09 10:48:14', '2022-12-09 10:48:14'),
(37, 16, '(NLĐO) - Phát biểu tại cuộc họp báo toàn cầu tối 2-12, Tổng Giám đốc Tổ chức Y tế thế giới (WHO) Tedros Adhanom Ghebreyesus khẳng định: \"Chúng ta đã gần tới lúc có thể nói rằng giai đoạn khẩn cấp của đại dịch COVID-19 đã kết thúc\" Cụ thể, Tổng Giám đốc WHO Tedros Adhanom Ghebreyesus cho biết thống kê của tổ chức này ước tính rằng ít nhất 90% dân số thế giới hiện có một mức độ miễn dịch đối với SARS-CoV-2 gây bệnh COVID-19, do bị nhiễm bệnh hoặc tiêm phòng trước đó. Ông lạc quan rằng \"Chúng ta đã gần tới lúc có thể nói rằng giai đoạn khẩn cấp của đại dịch đã kết thúc\", nhưng cũng thận trọng cảnh báo rằng chúng ta vẫn chưa thực sự đạt đến cái đích cuối cùng đó.', 'https://nld.mediacdn.vn/thumb_w/684/291774122806476800/2022/12/2/untitled-1670025406744127864043.jpg', '2022-12-09 10:49:52', '2022-12-09 10:49:52'),
(38, 16, 'Số ca tử vong do COVID-19 được báo cáo cho WHO tiếp tục giảm nhẹ trong tuần qua, ở mức hơn 8.500 người, tuy nhiên theo tiến sĩ Tedros vẫn là một điều không thể chấp nhận được trong bối cảnh nhân loại đã có trong tay đủ công cụ để chống lại dịch bệnh này, bao gồm vắc-xin và các biện pháp điều trị. Tiến sĩ Tedros vẫn duy trì quan điểm cần cảnh giác với sự đột biến không ngừng của virus. \"Những lỗ hổng trong giám sát, xét nghiệm, giải trình tự và tiêm chủng đang tiếp tục tạo điều kiện hoàn hảo cho một biến thể mới đáng lo ngại xuất hiện\" - ông nói. Tổng Giám đốc WHO cũng nhắc lại sự kiện quan trọng 1 tuần trước - đó là điểm đánh dấu 1 năm kể từ ngày biến chủng đáng lo ngại Omicron xuất hiện, và cho đến nay đã sinh ra hơn 500 dòng hậu duệ. Báo cáo của WHO nhìn lại 1 năm Omicron mang những tín hiệu lạc quan lẫn thận trọng, bởi Omicron cũng là biến chủng gần nhất từng được WHO tuyên bố là đáng lo ngại, trong bối cảnh tuy nó liên tục đột biến và sinh ra hậu duệ, nhưng các hậu duệ cho thấy mô hình giống nhau về khả năng gây bệnh, trung bình vẫn nhẹ hơn Delta và tất cả các biến chủng trước đó.', NULL, '2022-12-09 10:49:52', '2022-12-09 10:49:52');

-- --------------------------------------------------------

--
-- Table structure for table `news`
--

CREATE TABLE `news` (
  `id` int(11) NOT NULL,
  `imageUrl` varchar(255) NOT NULL,
  `title` varchar(255) NOT NULL,
  `time` varchar(255) NOT NULL,
  `createdAt` datetime NOT NULL,
  `updatedAt` datetime NOT NULL
) ENGINE=InnoDB DEFAULT CHARSET=utf8mb4;

--
-- Dumping data for table `news`
--

INSERT INTO `news` (`id`, `imageUrl`, `title`, `time`, `createdAt`, `updatedAt`) VALUES
(1, 'https://cdnmedia.baotintuc.vn/Upload/EqV5H9rWgvy9oNikwkHLXA/files/09122022argentina.jpg', 'Những con số ‘biết nói’ của trận kinh điển Argentina - Hà Lan', 'Thứ Sáu, 09/12/2022 15:13', '2022-12-09 10:04:09', '2022-12-09 10:04:09'),
(2, 'https://cdnmedia.baotintuc.vn/Upload/EqV5H9rWgvy9oNikwkHLXA/files/09122022argentina.jpg', 'Argentina - Hà Lan: ‘Đại chiến’ trên sân Lusail Iconic', 'Thứ Sáu, 09/12/2022 09:36', '2022-12-09 10:07:07', '2022-12-09 10:07:07'),
(3, 'https://img.cand.com.vn/resize/800x800/NewFiles/Images/2022/12/09/DSC09777-1670569893011.jpg', 'Nữ sinh sát hại cha bằng xyanua bị đề nghị mức án tử hình', 'Thứ Sáu, 09/12/2022, 14:50', '2022-12-09 10:11:26', '2022-12-09 10:11:26'),
(4, 'https://image.vtc.vn/resize/th/upload/2022/12/09/img8631-12230381.JPG', 'Đến năm 2027, Mỹ sẽ chuyển giao 12 máy bay T-6 cho Việt Nam', 'Thứ Sáu, 09/12/2022 12:26:00', '2022-12-09 10:13:21', '2022-12-09 10:13:21'),
(5, 'https://photo-cms-plo.epicdn.me/w850/Uploaded/2022/bpivpuiv/2022_12_09/luat-su-anh-son-612.jpg', 'Ngồi tù 1 năm nếu quan hệ tình dục với người không phải vợ/chồng là chuyện ở Indonesia, còn ở ta thì sao?', 'Thứ Sáu, 04/12/2022 12:32:00', '2022-12-09 10:15:41', '2022-12-09 10:15:41'),
(6, 'https://photo-cms-tpo.epicdn.me/w645/Uploaded/2022/tccbzqvp/2022_12_09/tien-phong-hoi-sinh-vien-3-3441.jpg', 'Trung ương Hội Sinh viên Việt Nam có 2 tân phó chủ tịch', 'Thứ Sáu, 09/12/2022 16:31:00', '2022-12-09 10:27:56', '2022-12-09 10:27:56'),
(7, 'https://bcp.cdnchinhphu.vn/thumb_w/640/334894974524682240/2022/12/9/xe-lua-tai-giao-lo-pham-van-dong-q-2123-437-1670573483561241302748.jpg', 'Đường sắt chạy thêm hàng chục đoàn tàu dịp Tết Dương lịch 2023', 'Thứ Sáu, 09/12/2022 15:36:20', '2022-12-09 10:29:28', '2022-12-09 10:29:28'),
(8, 'https://cdnmedia.baotintuc.vn/Upload/ekaE01yuAw3S4G2j0Rtmuw/files/2022/09/TIMVIEC/timviec270922-4.jpg', 'TP Hồ Chí Minh cần 23.000 - 25.000 lao động trong tháng cuối năm', 'Thứ Sáu, 09/12/2022 14:54:30', '2022-12-09 10:31:14', '2022-12-09 10:31:14'),
(9, 'https://nld.mediacdn.vn/thumb_w/684/291774122806476800/2022/12/9/z39462583229756a6da58f1cec03230d558342db5e7766-1670574115363392394523.jpg', 'Hình ảnh nhóm giỏi công nghệ thông tin trong đường dây cá độ ngàn tỉ', 'Thứ Sáu, 09/12/2022 14:54:30', '2022-12-09 10:33:24', '2022-12-09 10:33:24'),
(10, 'https://nld.mediacdn.vn/thumb_w/684/291774122806476800/2022/10/27/1-16668487935451019072833.jpeg', 'Nổ quan hệ rộng để lừa đảo, cựu cán bộ công an trả giá đắt', 'Thứ Năm, 27/10/2022 13:44:30', '2022-12-09 10:36:09', '2022-12-09 10:36:09'),
(11, 'https://nld.mediacdn.vn/thumb_w/684/291774122806476800/2022/12/9/photo-1-1670550525208953920312.jpg', 'Hé lộ \'cuộc chiến bí mật\' trong lòng Ukraine', 'Thứ Sáu, 09/12/2022 10:12:30', '2022-12-09 10:40:53', '2022-12-09 10:40:53'),
(12, 'https://nld.mediacdn.vn/thumb_w/684/291774122806476800/2022/12/6/068611c5-1e9a-4765-9d14-4cef7a4ddba2-16703371824191588764454.jpeg', 'Thêm căng thẳng mới giữa Nga và Ukraine', 'Thứ Ba, 06/12/2022 10:12:30', '2022-12-09 10:42:27', '2022-12-09 10:42:27'),
(13, 'https://nld.mediacdn.vn/thumb_w/684/291774122806476800/2022/12/6/photo-1-1670286474760752298115.jpg', 'Ukraine chìm trong bóng tối, Nga nói về thiệt hại do bị UAV tấn công', 'Thứ Ba, 06/12/2022 10:45:23', '2022-12-09 10:44:28', '2022-12-09 10:44:28'),
(14, 'https://nld.mediacdn.vn/thumb_w/684/291774122806476800/2022/12/8/photo-1-16704740431321471000956.jpg', 'TikTok ngày càng khó làm ăn ở Mỹ', 'Thứ Năm, 08/12/2022 10:45:23', '2022-12-09 10:46:26', '2022-12-09 10:46:26'),
(15, 'https://nld.mediacdn.vn/thumb_w/684/291774122806476800/2022/12/8/untitled-167047275987724938364.jpg', 'COVID-19: Khu vực có Việt Nam thể hiện dấu hiệu \'đảo chiều\'', 'Thứ Năm, 08/12/2022 80:45:23', '2022-12-09 10:48:14', '2022-12-09 10:48:14'),
(16, 'https://nld.mediacdn.vn/thumb_w/684/291774122806476800/2022/12/2/untitled-1670025406744127864043.jpg', 'NÓNG: WHO cho biết 90% dân số thế giới có miễn dịch với COVID-19', 'Thứ Bảy, 03/12/2022 1010:45:333', '2022-12-09 10:49:52', '2022-12-09 10:49:52');

-- --------------------------------------------------------

--
-- Table structure for table `newsdetails`
--

CREATE TABLE `newsdetails` (
  `id` int(11) NOT NULL,
  `imageUrl` varchar(255) NOT NULL,
  `title` varchar(255) NOT NULL,
  `time` varchar(255) NOT NULL,
  `descriptionId` int(11) NOT NULL,
  `like` int(11) NOT NULL,
  `createdAt` datetime NOT NULL,
  `updatedAt` datetime NOT NULL
) ENGINE=InnoDB DEFAULT CHARSET=utf8mb4;

--
-- Dumping data for table `newsdetails`
--

INSERT INTO `newsdetails` (`id`, `imageUrl`, `title`, `time`, `descriptionId`, `like`, `createdAt`, `updatedAt`) VALUES
(1, 'https://cdnmedia.baotintuc.vn/Upload/EqV5H9rWgvy9oNikwkHLXA/files/09122022argentina.jpg', 'Những con số ‘biết nói’ của trận kinh điển Argentina - Hà Lan', 'Thứ Sáu, 09/12/2022 15:13', 1, 0, '2022-12-09 10:04:09', '2022-12-09 10:04:09'),
(2, 'https://cdnmedia.baotintuc.vn/Upload/EqV5H9rWgvy9oNikwkHLXA/files/09122022argentina.jpg', 'Argentina - Hà Lan: ‘Đại chiến’ trên sân Lusail Iconic', 'Thứ Sáu, 09/12/2022 09:36', 2, 0, '2022-12-09 10:07:07', '2022-12-09 10:07:07'),
(3, 'https://img.cand.com.vn/resize/800x800/NewFiles/Images/2022/12/09/DSC09777-1670569893011.jpg', 'Nữ sinh sát hại cha bằng xyanua bị đề nghị mức án tử hình', 'Thứ Sáu, 09/12/2022, 14:50', 3, 0, '2022-12-09 10:11:26', '2022-12-09 10:11:26'),
(4, 'https://image.vtc.vn/resize/th/upload/2022/12/09/img8631-12230381.JPG', 'Đến năm 2027, Mỹ sẽ chuyển giao 12 máy bay T-6 cho Việt Nam', 'Thứ Sáu, 09/12/2022 12:26:00', 4, 0, '2022-12-09 10:13:21', '2022-12-09 10:13:21'),
(5, 'https://photo-cms-plo.epicdn.me/w850/Uploaded/2022/bpivpuiv/2022_12_09/luat-su-anh-son-612.jpg', 'Ngồi tù 1 năm nếu quan hệ tình dục với người không phải vợ/chồng là chuyện ở Indonesia, còn ở ta thì sao?', 'Thứ Sáu, 04/12/2022 12:32:00', 5, 0, '2022-12-09 10:15:42', '2022-12-09 10:15:42'),
(6, 'https://photo-cms-tpo.epicdn.me/w645/Uploaded/2022/tccbzqvp/2022_12_09/tien-phong-hoi-sinh-vien-3-3441.jpg', 'Trung ương Hội Sinh viên Việt Nam có 2 tân phó chủ tịch', 'Thứ Sáu, 09/12/2022 16:31:00', 6, 0, '2022-12-09 10:27:56', '2022-12-09 10:27:56'),
(7, 'https://bcp.cdnchinhphu.vn/thumb_w/640/334894974524682240/2022/12/9/xe-lua-tai-giao-lo-pham-van-dong-q-2123-437-1670573483561241302748.jpg', 'Đường sắt chạy thêm hàng chục đoàn tàu dịp Tết Dương lịch 2023', 'Thứ Sáu, 09/12/2022 15:36:20', 7, 0, '2022-12-09 10:29:28', '2022-12-09 10:29:28'),
(8, 'https://cdnmedia.baotintuc.vn/Upload/ekaE01yuAw3S4G2j0Rtmuw/files/2022/09/TIMVIEC/timviec270922-4.jpg', 'TP Hồ Chí Minh cần 23.000 - 25.000 lao động trong tháng cuối năm', 'Thứ Sáu, 09/12/2022 14:54:30', 8, 0, '2022-12-09 10:31:14', '2022-12-09 10:31:14'),
(9, 'https://nld.mediacdn.vn/thumb_w/684/291774122806476800/2022/12/9/z39462583229756a6da58f1cec03230d558342db5e7766-1670574115363392394523.jpg', 'Hình ảnh nhóm giỏi công nghệ thông tin trong đường dây cá độ ngàn tỉ', 'Thứ Sáu, 09/12/2022 14:54:30', 9, 0, '2022-12-09 10:33:24', '2022-12-09 10:33:24'),
(10, 'https://nld.mediacdn.vn/thumb_w/684/291774122806476800/2022/10/27/1-16668487935451019072833.jpeg', 'Nổ quan hệ rộng để lừa đảo, cựu cán bộ công an trả giá đắt', 'Thứ Năm, 27/10/2022 13:44:30', 10, 0, '2022-12-09 10:36:09', '2022-12-09 10:36:09'),
(11, 'https://nld.mediacdn.vn/thumb_w/684/291774122806476800/2022/12/9/photo-1-1670550525208953920312.jpg', 'Hé lộ \'cuộc chiến bí mật\' trong lòng Ukraine', 'Thứ Sáu, 09/12/2022 10:12:30', 11, 0, '2022-12-09 10:40:53', '2022-12-09 10:40:53'),
(12, 'https://nld.mediacdn.vn/thumb_w/684/291774122806476800/2022/12/6/068611c5-1e9a-4765-9d14-4cef7a4ddba2-16703371824191588764454.jpeg', 'Thêm căng thẳng mới giữa Nga và Ukraine', 'Thứ Ba, 06/12/2022 10:12:30', 12, 0, '2022-12-09 10:42:27', '2022-12-09 10:42:27'),
(13, 'https://nld.mediacdn.vn/thumb_w/684/291774122806476800/2022/12/6/photo-1-1670286474760752298115.jpg', 'Ukraine chìm trong bóng tối, Nga nói về thiệt hại do bị UAV tấn công', 'Thứ Ba, 06/12/2022 10:45:23', 13, 0, '2022-12-09 10:44:28', '2022-12-09 10:44:28'),
(14, 'https://nld.mediacdn.vn/thumb_w/684/291774122806476800/2022/12/8/photo-1-16704740431321471000956.jpg', 'TikTok ngày càng khó làm ăn ở Mỹ', 'Thứ Năm, 08/12/2022 10:45:23', 14, 0, '2022-12-09 10:46:26', '2022-12-09 10:46:26'),
(15, 'https://nld.mediacdn.vn/thumb_w/684/291774122806476800/2022/12/8/untitled-167047275987724938364.jpg', 'COVID-19: Khu vực có Việt Nam thể hiện dấu hiệu \'đảo chiều\'', 'Thứ Năm, 08/12/2022 80:45:23', 15, 0, '2022-12-09 10:48:14', '2022-12-09 10:48:14'),
(16, 'https://nld.mediacdn.vn/thumb_w/684/291774122806476800/2022/12/2/untitled-1670025406744127864043.jpg', 'NÓNG: WHO cho biết 90% dân số thế giới có miễn dịch với COVID-19', 'Thứ Bảy, 03/12/2022 1010:45:333', 16, 0, '2022-12-09 10:49:52', '2022-12-09 10:49:52');

-- --------------------------------------------------------

--
-- Table structure for table `videos`
--

CREATE TABLE `videos` (
  `id` int(11) NOT NULL,
  `channelName` varchar(255) NOT NULL,
  `uri` varchar(255) NOT NULL,
  `caption` varchar(255) NOT NULL,
  `musicName` varchar(255) NOT NULL,
  `like` int(11) NOT NULL,
  `comments` int(11) NOT NULL,
  `avatarUri` varchar(255) NOT NULL,
  `createdAt` datetime NOT NULL,
  `updatedAt` datetime NOT NULL
) ENGINE=InnoDB DEFAULT CHARSET=utf8mb4;

--
-- Dumping data for table `videos`
--

INSERT INTO `videos` (`id`, `channelName`, `uri`, `caption`, `musicName`, `like`, `comments`, `avatarUri`, `createdAt`, `updatedAt`) VALUES
(1, 'string', 'string', 'string', 'string', 3, 0, 'string', '2022-12-10 08:54:10', '2022-12-10 09:08:19');

--
-- Indexes for dumped tables
--

--
-- Indexes for table `descriptionnews`
--
ALTER TABLE `descriptionnews`
  ADD PRIMARY KEY (`id`),
  ADD UNIQUE KEY `id` (`id`);

--
-- Indexes for table `news`
--
ALTER TABLE `news`
  ADD PRIMARY KEY (`id`),
  ADD UNIQUE KEY `id` (`id`);

--
-- Indexes for table `newsdetails`
--
ALTER TABLE `newsdetails`
  ADD PRIMARY KEY (`id`),
  ADD UNIQUE KEY `id` (`id`);

--
-- Indexes for table `videos`
--
ALTER TABLE `videos`
  ADD PRIMARY KEY (`id`),
  ADD UNIQUE KEY `id` (`id`);

--
-- AUTO_INCREMENT for dumped tables
--

--
-- AUTO_INCREMENT for table `descriptionnews`
--
ALTER TABLE `descriptionnews`
  MODIFY `id` int(11) NOT NULL AUTO_INCREMENT, AUTO_INCREMENT=39;

--
-- AUTO_INCREMENT for table `news`
--
ALTER TABLE `news`
  MODIFY `id` int(11) NOT NULL AUTO_INCREMENT, AUTO_INCREMENT=17;

--
-- AUTO_INCREMENT for table `newsdetails`
--
ALTER TABLE `newsdetails`
  MODIFY `id` int(11) NOT NULL AUTO_INCREMENT, AUTO_INCREMENT=17;

--
-- AUTO_INCREMENT for table `videos`
--
ALTER TABLE `videos`
  MODIFY `id` int(11) NOT NULL AUTO_INCREMENT, AUTO_INCREMENT=2;

--
-- Constraints for dumped tables
--

--
-- Constraints for table `newsdetails`
--
ALTER TABLE `newsdetails`
  ADD CONSTRAINT `newsdetails_ibfk_1` FOREIGN KEY (`id`) REFERENCES `news` (`id`) ON DELETE CASCADE ON UPDATE CASCADE;
COMMIT;

/*!40101 SET CHARACTER_SET_CLIENT=@OLD_CHARACTER_SET_CLIENT */;
/*!40101 SET CHARACTER_SET_RESULTS=@OLD_CHARACTER_SET_RESULTS */;
/*!40101 SET COLLATION_CONNECTION=@OLD_COLLATION_CONNECTION */;
